Month,SalesVolume,SalesVolume_MA3,YearMonth
2018-01-01,137,137.0,2018-01
2018-02-01,342,239.5,2018-02
2018-03-01,390,289.6666666666667,2018-03
2018-04-01,293,341.6666666666667,2018-04
2018-05-01,281,321.3333333333333,2018-05
2018-06-01,227,267.0,2018-06
2018-07-01,205,237.66666666666666,2018-07
2018-08-01,240,224.0,2018-08
2018-09-01,246,230.33333333333334,2018-09
2018-10-01,307,264.3333333333333,2018-10
2018-11-01,378,310.3333333333333,2018-11
2018-12-01,249,311.3333333333333,2018-12
2019-01-01,140,255.66666666666666,2019-01
2019-02-01,334,241.0,2019-02
2019-03-01,342,272.0,2019-03
2019-04-01,373,349.6666666666667,2019-04
2019-05-01,392,369.0,2019-05
2019-06-01,267,344.0,2019-06
2019-07-01,268,309.0,2019-07
2019-08-01,262,265.6666666666667,2019-08
2019-09-01,295,275.0,2019-09
2019-10-01,360,305.6666666666667,2019-10
2019-11-01,368,341.0,2019-11
2019-12-01,324,350.6666666666667,2019-12
2020-01-01,164,285.3333333333333,2020-01
2020-02-01,358,282.0,2020-02
2020-03-01,313,278.3333333333333,2020-03
2020-04-01,75,248.66666666666666,2020-04
2020-05-01,241,209.66666666666666,2020-05
2020-06-01,271,195.66666666666666,2020-06
2020-07-01,331,281.0,2020-07
2020-08-01,337,313.0,2020-08
2020-09-01,317,328.3333333333333,2020-09
2020-10-01,347,333.6666666666667,2020-10
2020-11-01,399,354.3333333333333,2020-11
2020-12-01,415,387.0,2020-12
2021-01-01,115,309.6666666666667,2021-01
2021-02-01,351,293.6666666666667,2021-02
2021-03-01,366,277.3333333333333,2021-03
2021-04-01,272,329.6666666666667,2021-04
2021-05-01,241,293.0,2021-05
2021-06-01,225,246.0,2021-06
2021-07-01,234,233.33333333333334,2021-07
2021-08-01,236,231.66666666666666,2021-08
2021-09-01,331,267.0,2021-09
2021-10-01,312,293.0,2021-10
2021-11-01,332,325.0,2021-11
2021-12-01,234,292.6666666666667,2021-12
2022-01-01,122,229.33333333333334,2022-01
2022-02-01,270,208.66666666666666,2022-02
2022-03-01,253,215.0,2022-03
2022-04-01,200,241.0,2022-04
2022-05-01,193,215.33333333333334,2022-05
2022-06-01,164,185.66666666666666,2022-06
2022-07-01,175,177.33333333333334,2022-07
2022-08-01,182,173.66666666666666,2022-08
2022-09-01,197,184.66666666666666,2022-09
2022-10-01,165,181.33333333333334,2022-10
2022-11-01,191,184.33333333333334,2022-11
2022-12-01,161,172.33333333333334,2022-12
2023-01-01,99,150.33333333333334,2023-01
2023-02-01,177,145.66666666666666,2023-02
2023-03-01,215,163.66666666666666,2023-03
2023-04-01,180,190.66666666666666,2023-04
2023-05-01,207,200.66666666666666,2023-05
2023-06-01,179,188.66666666666666,2023-06
2023-07-01,144,176.66666666666666,2023-07
2023-08-01,181,168.0,2023-08
2023-09-01,194,173.0,2023-09
2023-10-01,187,187.33333333333334,2023-10
2023-11-01,238,206.33333333333334,2023-11
2023-12-01,209,211.33333333333334,2023-12
2024-01-01,91,179.33333333333334,2024-01
2024-02-01,270,190.0,2024-02
2024-03-01,284,215.0,2024-03
2024-04-01,236,263.3333333333333,2024-04
2024-05-01,242,254.0,2024-05
2024-06-01,171,216.33333333333334,2024-06
2024-07-01,211,208.0,2024-07
2024-08-01,205,195.66666666666666,2024-08
2024-09-01,195,203.66666666666666,2024-09
2024-10-01,248,216.0,2024-10
2024-11-01,274,239.0,2024-11
2024-12-01,177,233.0,2024-12
